order_id,address,zone,deadline,demand,ready_time
1,"Irla, Vile Parle West, Mumbai, Maharashtra, India",WEST,18,1,2
2,"Juhu Scheme, Mumbai, Maharashtra, India",WEST,20,1,4
3,"DN Nagar, Andheri West, Mumbai, Maharashtra, India",WEST,24,1,1
4,"Four Bungalows, Andheri West, Mumbai, Maharashtra, India",WEST,28,1,3
5,"Azad Nagar, Andheri West, Mumbai, Maharashtra, India",WEST,20,1,5
6,"Versova, Mumbai, Maharashtra, India",WEST,28,1,2
7,"Lokhandwala Complex, Andheri West, Mumbai, Maharashtra, India",WEST,32,1,4
8,"Sher E Punjab Colony, Andheri East, Mumbai, Maharashtra, India",EAST,22,1,3
9,"Mahakali Caves Road, Andheri East, Mumbai, Maharashtra, India",EAST,26,1,5
10,"MIDC, Andheri East, Mumbai, Maharashtra, India",EAST,30,1,2
11,"SEEPZ, Mumbai, Maharashtra, India",EAST,35,1,4